content,image_name,photographer_name,better_resolution,hashtags
001010010101001010100101011,1,name,123,123
001010010101001010100101011,2,name,123,123
001010010101001010100101011,3,name,123,123
001010010101001010100101011,4,name,123,123
001010010101001010100101011,5,name,123,123
001010010101001010100101011,6,name,123,123
001010010101001010100101011,7,name,123,123
001010010101001010100101011,8,name,123,123
001010010101001010100101011,9,name,123,123
001010010101001010100101011,10,name,123,123
001010010101001010100101011,11,name,123,123
001010010101001010100101011,12,name,123,123
